web-scraper-order,web-scraper-start-url,link_toko,link_toko-href,nama_toko,Jml_produk,chat,follower,rating_toko,bergabung,promo,alamat_toko,link_produk,link_produk-href,nama_produk,promo_produk,terjual,gratis_ongkir,favorit
"1668861027-1","https://shopee.co.id/mall/brands/11042849","69Slam","https://shopee.co.id/69slam","","439","45% (hitungan jam)","7,4RB","4.8 (1,7RB penilaian)","24 bulan lalu","null","KAB. BADUNG","30%off69slam Sandal pria ARSIKI-ATMurah LebayRp285.000Rp200.000108 TerjualKAB. BADUNG","https://shopee.co.id/69slam-Sandal-pria-ARSIKI-AT-i.340815435.12428025981?sp_atk=13b7a8fd-b439-4044-bf34-bff3972d638c&xptdk=13b7a8fd-b439-4044-bf34-bff3972d638c","null","null","null","null","null"
"1668861061-2","https://shopee.co.id/mall/brands/11042849","4CM","https://shopee.co.id/4cmstore","","508","39% (hitungan jam)","60,8RB","4.7 (28,5RB penilaian)","5 tahun lalu","null","KOTA DEPOK","30%off4CM Boxer black fireMurah LebayRp99.000Rp69.30010RB+ TerjualKOTA DEPOK","https://shopee.co.id/4CM-Boxer-black-fire-i.32984432.7155464356?sp_atk=ff49f426-793b-431d-9999-9600ce519972&xptdk=ff49f426-793b-431d-9999-9600ce519972","null","null","null","null","null"
"1668861203-3","https://shopee.co.id/mall/brands/11042849","4.20","https://shopee.co.id/4.20official","","121","81% (hitungan jam)","50,8RB","4.9 (7,2RB penilaian)","4 tahun lalu","null","KOTA BANDUNG","40%off4.20 T-Shirt Philosophy Mandala NavyPilih 2, bayar Rp170.000Rp102.000 - Rp170.000321 TerjualKOTA BANDUNG","https://shopee.co.id/4.20-T-Shirt-Philosophy-Mandala-Navy-i.87828273.10739275158?sp_atk=0afb692b-a283-4c9f-b254-e45699f0ef2f&xptdk=0afb692b-a283-4c9f-b254-e45699f0ef2f","null","null","null","null","null"
"1668861257-4","https://shopee.co.id/mall/brands/11042849","308ABSLTUNSCRD","https://shopee.co.id/308absltunscrd","","null","88% (hitungan jam)","64,5RB","4.8 (21,4RB penilaian)","4 tahun lalu","null","KAB. SLEMAN","10%off308 ABSLTUNSCRD - Bracelete Rubber Au Small Circle - BlackRp20.000Rp18.000216 TerjualKAB. SLEMAN","https://shopee.co.id/308-ABSLTUNSCRD-Bracelete-Rubber-Au-Small-Circle-Black-i.93881215.3918271445?sp_atk=265c88a1-d57a-4717-a936-3bbeccb60f61&xptdk=265c88a1-d57a-4717-a936-3bbeccb60f61","null","null","null","null","null"
"1668861465-5","https://shopee.co.id/mall/brands/11042849","3'NThree","https://shopee.co.id/3nthreeofficial","","241","90% (hitungan jam)","7,1RB","4.8 (378 penilaian)","3 tahun lalu","null","KOTA TANGERANG","40%off3Nthree kemeja koko Pria Muslim originalDiskon Rp2,5RBMurah LebayRp249.000Rp149.40032 TerjualKOTA TANGERANG","https://shopee.co.id/3Nthree-kemeja-koko-Pria-Muslim-original-i.184001696.15666321843?sp_atk=96cd8caa-cbc6-4f78-bbfe-ee4a8d4094ee&xptdk=96cd8caa-cbc6-4f78-bbfe-ee4a8d4094ee","null","null","null","null","null"
"1668861515-6","https://shopee.co.id/mall/brands/11042849","2nd Red","https://shopee.co.id/2ndred","","311","83% (hitungan jam)","8,9RB","4.8 (13RB penilaian)","5 tahun lalu","null","KAB. BANDUNG BARAT","62%off2nd Red Celana Jeans Legend Slim Fit Premium Bahan Melar Warna Biru Muda 133266Diskon 10%Rp399.900Rp151.9624,3RB TerjualKAB. BANDUNG BARAT","https://shopee.co.id/2nd-Red-Celana-Jeans-Legend-Slim-Fit-Premium-Bahan-Melar-Warna-Biru-Muda-133266-i.23917033.1889960272?sp_atk=b993e72b-2062-4ede-a8f5-bbbc44c48e64&xptdk=b993e72b-2062-4ede-a8f5-bbbc44c48e64","null","null","null","null","null"
"1668861559-7","https://shopee.co.id/mall/brands/11042849","2FAB4YOU","https://shopee.co.id/2fab4you","","149","40% (hitungan menit)","1,9RB","4.9 (426 penilaian)","4 tahun lalu","null","KOTA JAKARTA BARAT","2FAB4YOU T-shirt OG FLAMINGO White/Putih - Pria/WanitaRp199.00013 TerjualKOTA JAKARTA BARAT","https://shopee.co.id/2FAB4YOU-T-shirt-OG-FLAMINGO-White-Putih-Pria-Wanita-i.73775993.2881168942?sp_atk=e4b5b940-ea5c-4940-8102-53fb2b5738fb&xptdk=e4b5b940-ea5c-4940-8102-53fb2b5738fb","null","null","null","null","null"
"1668861601-8","https://shopee.co.id/mall/brands/11042849","17Seven","https://shopee.co.id/seventeenseven","","1,8RB","78% (hitungan jam)","80,4RB","4.7 (48,2RB penilaian)","4 tahun lalu","null","KOTA JAKARTA TIMUR","78%off17Seven Original Celana Panjang Chino 015-HITAM-AKMurah LebayRp409.000Rp90.00010RB+ TerjualKOTA JAKARTA TIMUR","https://shopee.co.id/17Seven-Original-Celana-Panjang-Chino-015-HITAM-AK-i.91485121.7350661850?sp_atk=49de8fa1-f92a-438d-a7fd-ca67f5938458&xptdk=49de8fa1-f92a-438d-a7fd-ca67f5938458","null","null","null","null","null"
"1668861636-9","https://shopee.co.id/mall/brands/11042849","07:35","https://shopee.co.id/0735_apparel","","52","73% (hitungan jam)","9,3RB","4.9 (1,4RB penilaian)","27 bulan lalu","null","KOTA JAKARTA UTARA","07:35 - Random SaleRp73.500243 TerjualKOTA JAKARTA UTARA","https://shopee.co.id/07-35-Random-Sale-i.298491252.9975420944?sp_atk=b64bee9a-7b2a-411c-869f-e32fcd73e7bb&xptdk=b64bee9a-7b2a-411c-869f-e32fcd73e7bb","null","null","null","null","null"
"1668861675-10","https://shopee.co.id/mall/brands/11042849","Zweckout Label","https://shopee.co.id/zweckout_label.official","","81","95% (hitungan jam)","15,4RB","4.6 (16,1RB penilaian)","5 tahun lalu","null","KAB. BANDUNG","45%offZWECKOUT LABEL - Celana Joger Slim Fit Skinny Jogger Pants Pria Korean Style HitamDiskon Rp5RBMurah LebayRp160.000Rp87.90010RB+ TerjualKAB. BANDUNG","https://shopee.co.id/ZWECKOUT-LABEL-Celana-Joger-Slim-Fit-Skinny-Jogger-Pants-Pria-Korean-Style-Hitam-i.59825614.6716661856?sp_atk=7a7d4029-9963-4463-bb28-8477384dfc92&xptdk=7a7d4029-9963-4463-bb28-8477384dfc92","null","null","null","null","null"
"1668861710-11","https://shopee.co.id/mall/brands/11042849","Zhon Army","https://shopee.co.id/zhonarmy","","37","70% (hitungan jam)","4,2RB","4.5 (212 penilaian)","4 bulan lalu","null","KAB. BANDUNG","ZHON ARMY - Ciel UnderPants - Cd Boxer Pria RandomDiskon Rp50RBRp50.000 - Rp200.000465 TerjualKAB. BANDUNG","https://shopee.co.id/ZHON-ARMY-Ciel-UnderPants-Cd-Boxer-Pria-Random-i.832121891.16581051299?sp_atk=6245248b-b057-47ce-bbd1-6f36743fe767&xptdk=6245248b-b057-47ce-bbd1-6f36743fe767","null","null","null","null","null"
"1668861745-12","https://shopee.co.id/mall/brands/11042849","ZG Zegoboss","https://shopee.co.id/zgzegoboss","","54","87% (hitungan jam)","5,1RB","4.8 (1RB penilaian)","26 bulan lalu","null","KOTA JAKARTA PUSAT","ZEGO BOSS Celana Panjang Jeans Stretch Denim Regular Fit (Solid Black)Murah LebayRp565.000443 TerjualKOTA JAKARTA PUSAT","https://shopee.co.id/ZEGO-BOSS-Celana-Panjang-Jeans-Stretch-Denim-Regular-Fit-(Solid-Black)-i.307319831.7351957312?sp_atk=c4cc6050-2914-4208-9c30-f9c7ea824475&xptdk=c4cc6050-2914-4208-9c30-f9c7ea824475","null","null","null","null","null"
"1668861795-13","https://shopee.co.id/mall/brands/11042849","ZeroTwentyTwo","https://shopee.co.id/zerotwentytwo.id","","715","85% (hitungan jam)","72RB","4.8 (18,9RB penilaian)","3 tahun lalu","null","KOTA BANDUNG","46%offZeroTwentyTwo T-shirt Transfer Black | Kaos Pria Parodi Plesetan Lucu ThrasherDiskon Rp2RBPilih 2, bayar Rp189.000Rp175.000Rp95.250874 TerjualKOTA BANDUNG","https://shopee.co.id/ZeroTwentyTwo-T-shirt-Transfer-Black-Kaos-Pria-Parodi-Plesetan-Lucu-Thrasher-i.175877695.7115926408?sp_atk=aff349d8-6004-4a5b-aee2-907f2136b2f9&xptdk=aff349d8-6004-4a5b-aee2-907f2136b2f9","null","null","null","null","null"
"1668861822-14","https://shopee.co.id/mall/brands/11042849","ZEROHEROES","https://shopee.co.id/zeroheroes.original","","435","97% (hitungan jam)","35,8RB","4.9 (12,3RB penilaian)","4 tahun lalu","null","KAB. MALANG","44%offZeroheroes | Kaos Kaki Tebal Premium Motif Garis OldschoolDiskon Rp1RBMurah LebayRp35.000Rp19.7002,3RB TerjualKAB. MALANG","https://shopee.co.id/Zeroheroes-Kaos-Kaki-Tebal-Premium-Motif-Garis-Oldschool-i.96006998.7450999154?sp_atk=cf9da921-16bf-4ec9-87c5-9e45677a6b77&xptdk=cf9da921-16bf-4ec9-87c5-9e45677a6b77","null","null","null","null","null"
"1668861890-15","https://shopee.co.id/mall/brands/11042849","Zaskia Mecca","https://shopee.co.id/zaskiamecca.official","","1,2RB","100% (hitungan jam)","1,9JT","4.8 (887,5RB penilaian)","6 tahun lalu","null","KOTA DEPOK","65%offZM Zaskia Mecca - Penyengat Dusty Green Scarf Kerudung Segi Empat Ultra SonicDiskon 10%Pilih 3, diskon 5%Rp189.000Rp67.0001,4RB TerjualKOTA DEPOK","https://shopee.co.id/ZM-Zaskia-Mecca-Penyengat-Dusty-Green-Scarf-Kerudung-Segi-Empat-Ultra-Sonic-i.12654106.6984957612?sp_atk=5d0d7728-de6d-41e6-b76e-86900cb64346&xptdk=5d0d7728-de6d-41e6-b76e-86900cb64346","null","null","null","null","null"
"1668861920-16","https://shopee.co.id/mall/brands/11042849","Zanetti","https://shopee.co.id/zanettiofficial","","33","100%","821","4.9 (16 penilaian)","27 bulan lalu","null","KOTA JAKARTA UTARA","ZL 75004 Zanetti Kemeja Basic Polos Slim Fit Lengan Panjang Hitam PekatRp249.0003 TerjualKOTA JAKARTA UTARA","https://shopee.co.id/ZL-75004-Zanetti-Kemeja-Basic-Polos-Slim-Fit-Lengan-Panjang-Hitam-Pekat-i.300622025.9010811787?sp_atk=263b9dcc-2da2-4e2b-848a-8107bc59f78e&xptdk=263b9dcc-2da2-4e2b-848a-8107bc59f78e","null","null","null","null","null"
"1668861972-17","https://shopee.co.id/mall/brands/11042849","Zalora","https://shopee.co.id/tolliverofficialshop","","3,3RB","99% (hitungan jam)","120,1RB","4.8 (13,7RB penilaian)","3 tahun lalu","null","KOTA BEKASI","57%offTolliver Hoodies With Zipper NavyDiskon 5%Rp349.000Rp149.000233 TerjualKOTA BEKASI","https://shopee.co.id/Tolliver-Hoodies-With-Zipper-Navy-i.166667048.4439560886?sp_atk=b66b683d-67ae-44b2-886a-8d16ea76a1a3&xptdk=b66b683d-67ae-44b2-886a-8d16ea76a1a3","null","null","null","null","null"
"1668862021-18","https://shopee.co.id/mall/brands/11042849","Zaemerci","https://shopee.co.id/zaemerci","","105","97% (hitungan jam)","22,9RB","4.8 (13,2RB penilaian)","33 bulan lalu","null","KOTA BANDUNG","20%offZaemerci - Kimono Kanvas  Lengan Panjang  Pria | Outer Casual Unisex OriginalDiskon 50%Pilih 2, diskon Rp15.000Rp72.000 - Rp153.0004,8RB TerjualKOTA BANDUNG","https://shopee.co.id/Zaemerci-Kimono-Kanvas-Lengan-Panjang-Pria-Outer-Casual-Unisex-Original-i.228751626.9915157509?sp_atk=bd2e3373-f93b-4c3b-875c-2de987ed8d72&xptdk=bd2e3373-f93b-4c3b-875c-2de987ed8d72","null","null","null","null","null"
"1668862073-19","https://shopee.co.id/mall/brands/11042849","Yesterday","https://shopee.co.id/yesterdayofficial","","437","95% (hitungan jam)","125,9RB","4.7 (131,8RB penilaian)","3 tahun lalu","null","KOTA BANDUNG","60%offYesterday Waistbag Full Print Takei BlackDiskon Rp2,5RBPilih 3, bayar Rp195.000Rp195.000Rp78.0002,7RB TerjualKOTA BANDUNG","https://shopee.co.id/Yesterday-Waistbag-Full-Print-Takei-Black-i.173440820.5556050824?sp_atk=29493fda-90b0-4227-a38c-ee012fa5ed89&xptdk=29493fda-90b0-4227-a38c-ee012fa5ed89","null","null","null","null","null"
"1668862108-20","https://shopee.co.id/mall/brands/11042849","YEGE","https://shopee.co.id/yegeindonesia","","592","42% (hitungan jam)","7,4RB","4.7 (4,8RB penilaian)","4 tahun lalu","null","KOTA JAKARTA UTARA","YEGE Kemeja Koko Pria Putih HADAAD Lengan PanjangRp149.900144 TerjualKOTA JAKARTA UTARA","https://shopee.co.id/YEGE-Kemeja-Koko-Pria-Putih-HADAAD-Lengan-Panjang-i.85448016.6642570864?sp_atk=414f22ef-0388-443b-b21d-e81b6fcaaec0&xptdk=414f22ef-0388-443b-b21d-e81b6fcaaec0","null","null","null","null","null"
"1668862139-21","https://shopee.co.id/mall/brands/11042849","Yauds.co","https://shopee.co.id/yauds.co","","37","25% (hitungan jam)","1,3RB","4.8 (50 penilaian)","4 tahun lalu","null","KOTA JAKARTA SELATAN","YAUDS.co x SPEAK UP TshirtRp220.0008 TerjualKOTA JAKARTA SELATAN","https://shopee.co.id/YAUDS.co-x-SPEAK-UP-Tshirt-i.128826850.9467307541?sp_atk=0d903bde-863b-4c10-864d-d27162f7fcf4&xptdk=0d903bde-863b-4c10-864d-d27162f7fcf4","null","null","null","null","null"
"1668862167-22","https://shopee.co.id/mall/brands/11042849","Yard Sale","https://shopee.co.id/yardsaleofficial","","690","71% (hitungan jam)","657","4.9 (93 penilaian)","21 bulan lalu","null","KOTA JAKARTA PUSAT","50%offYard Sale Costuum Kitsune Nylon Waist Bag OliveRp399.000Rp199.5001 TerjualKOTA JAKARTA PUSAT","https://shopee.co.id/Yard-Sale-Costuum-Kitsune-Nylon-Waist-Bag-Olive-i.383744581.4081437312?sp_atk=8e81ff31-f9d8-4aeb-8a3e-b3162e85289d&xptdk=8e81ff31-f9d8-4aeb-8a3e-b3162e85289d","null","null","null","null","null"
"1668862196-23","https://shopee.co.id/mall/brands/11042849","YAMASURIH","https://shopee.co.id/yamasurih.official","","57","42% (hitungan menit)","null","1,1RB","4.9 (171 penilaian)","null","KOTA BANDUNG","Yamasurih - Kaos Hitam ""Pecker Bozo"" T-ShirtRp200.00034 TerjualKOTA BANDUNG","https://shopee.co.id/Yamasurih-Kaos-Hitam-Pecker-Bozo-T-Shirt-i.272365407.4863866211?sp_atk=668a03d6-feb1-4744-bf28-91b5ab537bc2&xptdk=668a03d6-feb1-4744-bf28-91b5ab537bc2","null","null","null","null","null"
"1668862235-24","https://shopee.co.id/mall/brands/11042849","YAJUGAYA","https://shopee.co.id/yajugayaindonesia","","68","89% (hitungan jam)","1,4RB","4.9 (231 penilaian)","3 tahun lalu","null","KOTA BEKASI","Yajugaya - SituasuRp215.00035 TerjualKOTA BEKASI","https://shopee.co.id/Yajugaya-Situasu-i.161754161.2429683023?sp_atk=6ae3814b-bfe3-4cae-b771-44c99232b923&xptdk=6ae3814b-bfe3-4cae-b771-44c99232b923","null","null","null","null","null"
"1668862330-25","https://shopee.co.id/mall/brands/11042849","XXMAKE","https://shopee.co.id/xxmake_official","","57","100% (hitungan menit)","81,3RB","4.8 (53,4RB penilaian)","31 bulan lalu","null","KAB. TANGERANG","51%offXXMake Elastic Cover Sofa Bed Penutup Sofa Pattern Modern Menarik Sarung Sofa Bed S M L Penutup Sofa Bed ElastisDiskon Rp4RBMurah LebayRp83.000 - Rp114.00010RB+ TerjualKAB. TANGERANG","https://shopee.co.id/XXMake-Elastic-Cover-Sofa-Bed-Penutup-Sofa-Pattern-Modern-Menarik-Sarung-Sofa-Bed-S-M-L-Penutup-Sofa-Bed-Elastis-i.253240817.12446645553?sp_atk=f1e515a9-02d7-4bfa-bf28-d3e81b079113&xptdk=f1e515a9-02d7-4bfa-bf28-d3e81b079113","null","null","null","null","null"
"1668862421-26","https://shopee.co.id/mall/brands/11042849","X8","https://shopee.co.id/x8official","","2,1RB","93% (hitungan jam)","159,7RB","4.9 (20,2RB penilaian)","5 tahun lalu","null","KOTA JAKARTA BARAT","50%offBLUELINE by X8 Nino T-Shirt Pakaian PriaHadiah GratisRp189.900Rp94.950380 TerjualKOTA JAKARTA BARAT","https://shopee.co.id/BLUELINE-by-X8-Nino-T-Shirt-Pakaian-Pria-i.66854073.9423501364?sp_atk=de445d9b-b9bd-4d58-9033-e63854b8a4eb&xptdk=de445d9b-b9bd-4d58-9033-e63854b8a4eb","null","null","null","null","null"
"1668862460-27","https://shopee.co.id/mall/brands/11042849","X Urban Absolute","https://shopee.co.id/xurbandabsolute","","250","91% (hitungan jam)","172,7RB","4.8 (30,9RB penilaian)","33 bulan lalu","null","KAB. BANDUNG","20%offX Urband Absolute Jaket Sukajan Raion Terlaris A096Kombo HematRp60.000 - Rp89.60010RB+ TerjualKAB. BANDUNG","https://shopee.co.id/X-Urband-Absolute-Jaket-Sukajan-Raion-Terlaris-A096-i.224747419.9127208738?sp_atk=417fa1de-af5e-45ab-be36-6823d1fb8f4c&xptdk=417fa1de-af5e-45ab-be36-6823d1fb8f4c","null","null","null","null","null"
"1668862539-28","https://shopee.co.id/mall/brands/11042849","Wrangler","https://shopee.co.id/wranglerofficial","","1,1RB","58% (hitungan jam)","159RB","4.8 (29,9RB penilaian)","5 tahun lalu","null","KOTA BEKASI","10%offWrangler Jeans Texasbmcbc01A18Diskon Rp20RBRp459.900Rp413.910565 TerjualKOTA BEKASI","https://shopee.co.id/Wrangler-Jeans-Texasbmcbc01A18-i.55945766.4815275614?sp_atk=059f4f3e-ac09-4188-a9bd-4adab15e4222&xptdk=059f4f3e-ac09-4188-a9bd-4adab15e4222","null","null","null","null","null"
"1668862594-29","https://shopee.co.id/mall/brands/11042849","Worth ID","https://shopee.co.id/worthid.clothing","","null","86% (hitungan jam)","139,1RB","4.8 (42,5RB penilaian)","6 tahun lalu","null","KOTA BEKASI","25%offWORTH ID Kemeja Pria Cotton Pique Panjang BlackDiskon 50%Rp150.000 - Rp199.0002RB TerjualKOTA BEKASI","https://shopee.co.id/WORTH-ID-Kemeja-Pria-Cotton-Pique-Panjang-Black-i.11950297.1509390338?sp_atk=812d51f2-8a47-43c7-9c9e-5ed320ae0cd2&xptdk=812d51f2-8a47-43c7-9c9e-5ed320ae0cd2","null","null","null","null","null"
"1668862655-30","https://shopee.co.id/mall/brands/11042849","Wormhole","https://shopee.co.id/wormholestore","","528","91% (hitungan jam)","94,4RB","4.9 (12,8RB penilaian)","4 tahun lalu","null","KOTA BANDUNG","5%offW.Essentiels Jaket Ecume Oversize Hoodie Olive EssentielsDiskon 10%Rp499.000Rp474.0501,2RB TerjualKOTA BANDUNG","https://shopee.co.id/W.Essentiels-Jaket-Ecume-Oversize-Hoodie-Olive-Essentiels-i.87216194.1455625420?sp_atk=a1e92652-c511-4544-9f01-234a6f611c93&xptdk=a1e92652-c511-4544-9f01-234a6f611c93","null","null","null","null","null"
"1668862737-31","https://shopee.co.id/mall/brands/11042849","Woof Pack","https://shopee.co.id/woofpack","","88","69% (hitungan jam)","2,6RB","4.6 (4RB penilaian)","4 tahun lalu","null","KOTA JAKARTA BARAT","84%offTas Pouch Clutch Aksesoris Wanita Pria Multifungsi Woof Pack TCpouchXmi1Murah LebayRp70.000Rp10.9002,6RB TerjualKOTA JAKARTA BARAT","https://shopee.co.id/Tas-Pouch-Clutch-Aksesoris-Wanita-Pria-Multifungsi-Woof-Pack-TCpouchXmi1-i.136847255.2090382228?sp_atk=2d633890-7a6f-498c-98c9-754eac781ad2&xptdk=2d633890-7a6f-498c-98c9-754eac781ad2","null","null","null","null","null"
"1668862840-32","https://shopee.co.id/mall/brands/11042849","Woodcutter","https://shopee.co.id/woodcutter","","174","95% (hitungan jam)","49,8RB","4.8 (22,1RB penilaian)","6 tahun lalu","null","KOTA BEKASI","16%offWOODCUTTER Kemeja Green Oakland Flannel ShirtPilih 2, diskon Rp5.000Rp189.000Rp159.5001,5RB TerjualKOTA BEKASI","https://shopee.co.id/WOODCUTTER-Kemeja-Green-Oakland-Flannel-Shirt-i.11559302.7532185453?sp_atk=438cbf00-20ed-4c5f-8325-c3885a1fefc6&xptdk=438cbf00-20ed-4c5f-8325-c3885a1fefc6","null","null","null","null","null"
"1668863554-33","https://shopee.co.id/mall/brands/11042849","Wood","https://shopee.co.id/woodofficialshop","","368","64% (hitungan jam)","10RB","4.9 (1,9RB penilaian)","25 bulan lalu","null","null","null","null","","","","",""
"1668863738-34","https://shopee.co.id/mall/brands/11042849","Vearst","https://shopee.co.id/vearst","","389","90% (hitungan jam)","47,8RB","4.8 (15,5RB penilaian)","33 bulan lalu","null","KOTA BANDUNG","41%offVearst Work Pants Sable 540 Cut BlackRp260.000 - Rp439.000708 TerjualKOTA BANDUNG","https://shopee.co.id/Vearst-Work-Pants-Sable-540-Cut-Black-i.224781834.6278574673?sp_atk=1eb9c305-7d81-4848-910f-af787427c252&xptdk=1eb9c305-7d81-4848-910f-af787427c252","null","null","null","null","null"
"1668863786-35","https://shopee.co.id/mall/brands/11042849","VCRL","https://shopee.co.id/vcrl.id","","53","92% (hitungan jam)","2,6RB","4.6 (5,1RB penilaian)","28 bulan lalu","null","KAB. BANDUNG","50%offVCRL Sweater Pria Sablon Polos Basic Bahan Cotton Flece OriginalDiskon Rp5RBRp75.000 - Rp150.00010RB+ TerjualKAB. BANDUNG","https://shopee.co.id/VCRL-Sweater-Pria-Sablon-Polos-Basic-Bahan-Cotton-Flece-Original-i.282506205.8515037788?sp_atk=83c8c6ac-854f-4c4c-94a5-cd6cf97480a3&xptdk=83c8c6ac-854f-4c4c-94a5-cd6cf97480a3","null","null","null","null","null"
"1668863813-36","https://shopee.co.id/mall/brands/11042849","Varial","https://shopee.co.id/varialapparel.co","","242","96% (hitungan jam)","11,9RB","4.8 (2,4RB penilaian)","4 tahun lalu","null","KAB. BADUNG","18%offJAKET JEANS PRIA / TRUCKER JEANS / STONEWASH /DENIM / V TRD CONS MEDICINE BLUEDiskon Rp20RBRp430.000Rp352.60091 TerjualKAB. BADUNG","https://shopee.co.id/JAKET-JEANS-PRIA-TRUCKER-JEANS-STONEWASH-DENIM-V-TRD-CONS-MEDICINE-BLUE-i.105948078.6487864075?sp_atk=0aec56ff-55fa-4c33-bd38-9d3d3f9e1c00&xptdk=0aec56ff-55fa-4c33-bd38-9d3d3f9e1c00","null","null","null","null","null"
"1668863840-37","https://shopee.co.id/mall/brands/11042849","Vampire Dead And Revenge","https://shopee.co.id/vampiredeadandrevenge","","579","99% (hitungan jam)","57,6RB","4.8 (21RB penilaian)","33 bulan lalu","null","KAB. BANTUL","44%offVampire Kingdom T-shirt Short Sleeve | Gorgeo | BlackDiskon Rp2,5RBPilih 2, diskon Rp3.000Rp169.000Rp95.0001,1RB TerjualKAB. BANTUL","https://shopee.co.id/Vampire-Kingdom-T-shirt-Short-Sleeve-Gorgeo-Black-i.229008774.13814294907?sp_atk=9f397f95-92c8-46f5-bb11-062c32d354c5&xptdk=9f397f95-92c8-46f5-bb11-062c32d354c5","null","null","null","null","null"
"1668863868-38","https://shopee.co.id/mall/brands/11042849","Urbain Inc","https://shopee.co.id/urbaininc","","103","59% (hitungan jam)","77,7RB","4.8 (16,6RB penilaian)","3 tahun lalu","null","KOTA JAKARTA SELATAN","45%offUrbain Beanie/Kupluk Wool Hitam LogoPilih 2, bayar Rp100.000Rp100.000Rp55.000846 TerjualKOTA JAKARTA SELATAN","https://shopee.co.id/Urbain-Beanie-Kupluk-Wool-Hitam-Logo-i.155156587.4563253173?sp_atk=fd04868c-74a1-4338-827d-f13fe82f06b1&xptdk=fd04868c-74a1-4338-827d-f13fe82f06b1","null","null","null","null","null"
"1668863898-39","https://shopee.co.id/mall/brands/11042849","Uprise","https://shopee.co.id/uprisedenim","","89","97% (hitungan jam)","80,5RB","4.9 (7,1RB penilaian)","33 bulan lalu","null","KOTA JAKARTA UTARA","UPRISE Oversize Polo Black , White , GrayDiskon Rp15RBRp179.000103 TerjualKOTA JAKARTA UTARA","https://shopee.co.id/UPRISE-Oversize-Polo-Black-White-Gray-i.231103920.8498349348?sp_atk=ae05f478-c855-4b64-b1c2-c694c1b45b9f&xptdk=ae05f478-c855-4b64-b1c2-c694c1b45b9f","null","null","null","null","null"
"1668863935-40","https://shopee.co.id/mall/brands/11042849","Unxplnd","https://shopee.co.id/unxplndmarket","","159","77% (hitungan jam)","24,7RB","4.9 (5,5RB penilaian)","25 bulan lalu","null","KAB. TANGERANG","27%offUnxplnd | Beanie | Basic OG WovenRp95.000Rp69.0001,1RB TerjualKAB. TANGERANG","https://shopee.co.id/Unxplnd-Beanie-Basic-OG-Woven-i.325670631.9348232420?sp_atk=6c1422c3-cccd-4834-82fa-93b230255bdf&xptdk=6c1422c3-cccd-4834-82fa-93b230255bdf","null","null","null","null","null"
"1668863967-41","https://shopee.co.id/mall/brands/11042849","UNTCKD","https://shopee.co.id/untckd_official","","485","80% (hitungan jam)","96,8RB","4.8 (18,5RB penilaian)","7 tahun lalu","null","KOTA JAKARTA UTARA","67%offUNTCKD Quill FannypackRp150.000Rp50.000226 TerjualKOTA JAKARTA UTARA","https://shopee.co.id/UNTCKD-Quill-Fannypack-i.1304055.3414141404?sp_atk=360d4dd6-f7c6-4c2f-94a8-63e5a6e32477&xptdk=360d4dd6-f7c6-4c2f-94a8-63e5a6e32477","null","null","null","null","null"
"1668863997-42","https://shopee.co.id/mall/brands/11042849","Uno.co","https://shopee.co.id/unoco.official","","78","97% (hitungan jam)","20,7RB","4.9 (5,6RB penilaian)","36 bulan lalu","null","KOTA JAKARTA TIMUR","9%offUno.co Kemeja Formal Office Shirt lengan pendek hitam Big Size Xl-7XlCashback 3%Rp209.000 - Rp269.000151 TerjualKOTA JAKARTA TIMUR","https://shopee.co.id/Uno.co-Kemeja-Formal-Office-Shirt-lengan-pendek-hitam-Big-Size-Xl-7Xl-i.204790309.9576464727?sp_atk=d78e52e8-21f8-402e-947a-7b12ae293e91&xptdk=d78e52e8-21f8-402e-947a-7b12ae293e91","null","null","null","null","null"
"1668864021-43","https://shopee.co.id/mall/brands/11042849","UNKL347","https://shopee.co.id/unkl347official","","null","98% (hitungan jam)","132,5RB","4.8 (39RB penilaian)","4 tahun lalu","null","KOTA SURAKARTA (SOLO)","70%offUNKL347 T-Shirt Hitam Bahan Combed Motif Simpel BDTMRp260.000Rp78.0001,2RB TerjualKOTA SURAKARTA (SOLO)","https://shopee.co.id/UNKL347-T-Shirt-Hitam-Bahan-Combed-Motif-Simpel-BDTM-i.80732230.14790223061?sp_atk=a8c863e7-436c-4eda-a32d-e92e8a49ad2e&xptdk=a8c863e7-436c-4eda-a32d-e92e8a49ad2e","null","null","null","null","null"
"1668864050-44","https://shopee.co.id/mall/brands/11042849","Unitedhart","https://shopee.co.id/unitedhart_official","","95","74% (hitungan jam)","18,3RB","4.9 (2,8RB penilaian)","27 bulan lalu","null","KOTA BANDUNG","UH! Heavyweight Cotton 16s Pocket Tees BlackRp178.000226 TerjualKOTA BANDUNG","https://shopee.co.id/UH!-Heavyweight-Cotton-16s-Pocket-Tees-Black-i.293283681.4896740595?sp_atk=5425d249-4535-46f3-8f9e-998f203f3689&xptdk=5425d249-4535-46f3-8f9e-998f203f3689","null","null","null","null","null"
"1668864077-45","https://shopee.co.id/mall/brands/11042849","Unionwell","https://shopee.co.id/unionwelloriginal","","202","87% (hitungan jam)","14,6RB","4.9 (5,3RB penilaian)","3 tahun lalu","null","KOTA JAKARTA SELATAN","40%offUnionwell Tshirt Unionround Logo BlackRp300.000Rp180.000235 TerjualKOTA JAKARTA SELATAN","https://shopee.co.id/Unionwell-Tshirt-Unionround-Logo-Black-i.168583478.11156284810?sp_atk=058180b4-2140-49bd-af4b-bdd4bc611176&xptdk=058180b4-2140-49bd-af4b-bdd4bc611176","null","null","null","null","null"
"1668864104-46","https://shopee.co.id/mall/brands/11042849","Underage","https://shopee.co.id/underage.indonesia","","167","88% (hitungan jam)","10,3RB","4.9 (4,7RB penilaian)","3 tahun lalu","null","KOTA BANDUNG","54%offUnderage T-Shirt wild and free long sleve black streetwear | kaos motorDiskon Rp10RBMurah LebayRp138.600 - Rp163.350707 TerjualKOTA BANDUNG","https://shopee.co.id/Underage-T-Shirt-wild-and-free-long-sleve-black-streetwear-kaos-motor-i.199857305.4456360290?sp_atk=2ea014bd-8109-4cf2-bc2e-3b5f1931e6f4&xptdk=2ea014bd-8109-4cf2-bc2e-3b5f1931e6f4","null","null","null","null","null"
"1668864141-47","https://shopee.co.id/mall/brands/11042849","UK Unicloth Kingdom","https://shopee.co.id/uniclothkingdom","","79","65% (hitungan jam)","359","4.8 (128 penilaian)","19 bulan lalu","null","KOTA BANDUNG","50%offUK Unicloth Kingdom Tshirt Basic / Kaos Polos 24s / Kaos Polos Tanpa Jahitan SampingGrosirRp86.000Rp43.000152 TerjualKOTA BANDUNG","https://shopee.co.id/UK-Unicloth-Kingdom-Tshirt-Basic-Kaos-Polos-24s-Kaos-Polos-Tanpa-Jahitan-Samping-i.421704542.8488957170?sp_atk=955af47c-a4da-4553-a3b3-39f07968929c&xptdk=955af47c-a4da-4553-a3b3-39f07968929c","null","null","null","null","null"
"1668864168-48","https://shopee.co.id/mall/brands/11042849","UC&CO.","https://shopee.co.id/ucandcocanggu","","51","10%","382","4.9 (80 penilaian)","31 bulan lalu","null","KAB. BADUNG","UC&CO. Six Panel Cap Rest In ParadiseRp245.000 - Rp270.0004 TerjualKAB. BADUNG","https://shopee.co.id/UC-CO.-Six-Panel-Cap-Rest-In-Paradise-i.244561474.5929242914?sp_atk=91063080-363d-4d36-b1a1-76e392556be3&xptdk=91063080-363d-4d36-b1a1-76e392556be3","null","null","null","null","null"
"1668864194-49","https://shopee.co.id/mall/brands/11042849","U8","https://shopee.co.id/u8clothing","","130","75% (hitungan jam)","783","4.7 (184 penilaian)","28 bulan lalu","null","KOTA SURABAYA","60%offU8 Kemeja Motif Kirkless Navy Grey Modern Tribal KIRKLESS 1019-01Rp359.000Rp143.6003 TerjualKOTA SURABAYA","https://shopee.co.id/U8-Kemeja-Motif-Kirkless-Navy-Grey-Modern-Tribal-KIRKLESS-1019-01-i.283006103.7565395407?sp_atk=112c0bbc-7432-426d-a5a3-b40535c79186&xptdk=112c0bbc-7432-426d-a5a3-b40535c79186","null","null","null","null","null"
"1668864222-50","https://shopee.co.id/mall/brands/11042849","Twohead","https://shopee.co.id/twohead.official","","129","87% (hitungan jam)","19,4RB","4.8 (6,3RB penilaian)","24 bulan lalu","null","KAB. BANDUNG","59%offTwohead tshirt Depression WhiteDiskon Rp2,5RBRp180.000Rp73.8001,1RB TerjualKAB. BANDUNG","https://shopee.co.id/Twohead-tshirt-Depression-White-i.346059716.9528689078?sp_atk=0e019dce-92be-44bd-81f6-65a9e3dee463&xptdk=0e019dce-92be-44bd-81f6-65a9e3dee463","null","null","null","null","null"
"1668864250-51","https://shopee.co.id/mall/brands/11042849","Twinfit","https://shopee.co.id/twinfit_official","","183","100% (hitungan jam)","10,8RB","4.8 (2,1RB penilaian)","5 tahun lalu","null","KOTA BANDUNG","50%offTwinfit Basic Polo ShirtPilih 3, bayar Rp250.000Rp209.000Rp104.0001,2RB TerjualKOTA BANDUNG","https://shopee.co.id/Twinfit-Basic-Polo-Shirt-i.33873300.5849880509?sp_atk=a9995d3c-9587-411c-8afe-6ad6ba78d510&xptdk=a9995d3c-9587-411c-8afe-6ad6ba78d510","null","null","null","null","null"
"1668864278-52","https://shopee.co.id/mall/brands/11042849","Tvck","https://shopee.co.id/tvck_cons","","333","77% (hitungan jam)","17,2RB","4.9 (1,6RB penilaian)","3 tahun lalu","null","KOTA BANDUNG","25%offTvck Sling Bag Haqiba BlackRp155.000Rp116.250131 TerjualKOTA BANDUNG","https://shopee.co.id/Tvck-Sling-Bag-Haqiba-Black-i.158273238.5215538075?sp_atk=81a0531d-5811-438c-802f-6dd40ed0ee61&xptdk=81a0531d-5811-438c-802f-6dd40ed0ee61","null","null","null","null","null"
"1668864305-53","https://shopee.co.id/mall/brands/11042849","Tshirttokoh","https://shopee.co.id/tshirttokoh","","1,1RB","96% (hitungan jam)","66,6RB","4.8 (57,3RB penilaian)","6 tahun lalu","null","KOTA SURAKARTA (SOLO)","Tshirttokoh -  Kaos Panjang Umur Hal Baik - Cerita Baik HitamRp120.000 - Rp140.0002,7RB TerjualKOTA SURAKARTA (SOLO)","https://shopee.co.id/Tshirttokoh-Kaos-Panjang-Umur-Hal-Baik-Cerita-Baik-Hitam-i.8350587.3327648684?sp_atk=68cb052f-66d6-43af-a963-df35d390acc7&xptdk=68cb052f-66d6-43af-a963-df35d390acc7","null","null","null","null","null"
"1668864333-54","https://shopee.co.id/mall/brands/11042849","Trust Denim","https://shopee.co.id/trustdenimofficial","","88","76% (hitungan jam)","13RB","4.9 (3,6RB penilaian)","4 tahun lalu","null","KAB. BANDUNG","57%offTRUST DENIM Black Rainbow 505 Celana Denim selvedge accent  - Black Denim OriginalRp420.000Rp179.999388 TerjualKAB. BANDUNG","https://shopee.co.id/TRUST-DENIM-Black-Rainbow-505-Celana-Denim-selvedge-accent-Black-Denim-Original-i.79588850.2107775561?sp_atk=1c9c1b4e-f0b3-445d-99d5-d5fabc93a4f2&xptdk=1c9c1b4e-f0b3-445d-99d5-d5fabc93a4f2","null","null","null","null","null"
"1668864369-55","https://shopee.co.id/mall/brands/11042849","Troy.","https://shopee.co.id/troycompany","","681","98% (hitungan jam)","93RB","4.8 (43,1RB penilaian)","4 tahun lalu","null","KAB. SLEMAN","Troy Company Gelang Tangan Black GL 106Rp10.0007,2RB TerjualKAB. SLEMAN","https://shopee.co.id/Troy-Company-Gelang-Tangan-Black-GL-106-i.132593038.4131694080?sp_atk=893f35b4-3433-4616-957a-55c979be80e2&xptdk=893f35b4-3433-4616-957a-55c979be80e2","null","null","null","null","null"
"1668864396-56","https://shopee.co.id/mall/brands/11042849","Troveast","https://shopee.co.id/troveast","","null","85% (hitungan jam)","255,6RB","4.6 (215,4RB penilaian)","6 tahun lalu","null","KOTA TANGERANG","44%offTroveast Jaket Outdoor WaterproofDiskon Rp20RBMurah LebayRp300.000Rp169.00010RB+ TerjualKOTA TANGERANG","https://shopee.co.id/Troveast-Jaket-Outdoor-Waterproof-i.7791565.41661639?sp_atk=60b634e0-a740-4748-bcf9-68b4c6c537a0&xptdk=60b634e0-a740-4748-bcf9-68b4c6c537a0","null","null","null","null","null"
"1668864421-57","https://shopee.co.id/mall/brands/11042849","Trousary","https://shopee.co.id/trousaryofficial","","43","100% (hitungan menit)","3,5RB","4.8 (4,9RB penilaian)","3 tahun lalu","null","KAB. BANDUNG","39%offTrousary Sweater  Hoodie Zipper / Sleting Original Size S M L XL XXLDiskon 50%Rp85.000 - Rp130.0001,1RB TerjualKAB. BANDUNG","https://shopee.co.id/Trousary-Sweater-Hoodie-Zipper-Sleting-Original-Size-S-M-L-XL-XXL-i.180630585.5372680447?sp_atk=08a494ff-01b2-45a4-8dd9-e7cd6d38f96d&xptdk=08a494ff-01b2-45a4-8dd9-e7cd6d38f96d","null","null","null","null","null"
"1668864448-58","https://shopee.co.id/mall/brands/11042849","Trondheim","https://shopee.co.id/trondheimoriginal","","153","96% (hitungan jam)","19,1RB","4.8 (26,5RB penilaian)","4 tahun lalu","null","KOTA CIMAHI","75%offTrondheim Celana Jeans Slim Fit PriaRp99.000 - Rp139.0005,6RB TerjualKOTA CIMAHI","https://shopee.co.id/Trondheim-Celana-Jeans-Slim-Fit-Pria-i.119232628.2200142141?sp_atk=f151b519-b25e-4e58-8a57-3bcf0b884010&xptdk=f151b519-b25e-4e58-8a57-3bcf0b884010","null","null","null","null","null"
"1668864474-59","https://shopee.co.id/mall/brands/11042849","Triple","https://shopee.co.id/triplejeans","","462","85% (hitungan jam)","30,4RB","4.8 (12,3RB penilaian)","3 tahun lalu","null","KOTA SURABAYA","60%offTRIPLE Ladies Celana Jeans Stretch Slim Fit (94 777 GW)Diskon Rp7RBRp425.000Rp170.000690 TerjualKOTA SURABAYA","https://shopee.co.id/TRIPLE-Ladies-Celana-Jeans-Stretch-Slim-Fit-(94-777-GW)-i.175328065.6419139281?sp_atk=59f489e6-7129-4491-9b3f-cd6b6a1d26cf&xptdk=59f489e6-7129-4491-9b3f-cd6b6a1d26cf","null","null","null","null","null"
"1668864503-60","https://shopee.co.id/mall/brands/11042849","trepel","https://shopee.co.id/trepel.co","","38","79% (hitungan jam)","639","4.8 (419 penilaian)","7 bulan lalu","null","KOTA BANDUNG","27%offTrepel.Co Celana Cargo Pendek Warna Abu Muda Free Gantungan KunciDiskon Rp2RBPilih 3, diskon Rp5.000Rp124.700 - Rp175.000215 TerjualKOTA BANDUNG","https://shopee.co.id/Trepel.Co-Celana-Cargo-Pendek-Warna-Abu-Muda-Free-Gantungan-Kunci-i.754871962.19724584257?sp_atk=533b159e-8543-4255-ad41-bfd8dc01bcec&xptdk=533b159e-8543-4255-ad41-bfd8dc01bcec","null","null","null","null","null"
"1668864537-61","https://shopee.co.id/mall/brands/11042849","Tozicozy","https://shopee.co.id/tozicozy","","174","98% (hitungan jam)","23,6RB","4.8 (8,2RB penilaian)","4 tahun lalu","null","KAB. BANDUNG","Tozicozy Zein Tas Sling Bag Pria Warna Hitam Waterproof Bahan BimoDiskon 50%Hadiah GratisRp159.000349 TerjualKAB. BANDUNG","https://shopee.co.id/Tozicozy-Zein-Tas-Sling-Bag-Pria-Warna-Hitam-Waterproof-Bahan-Bimo-i.130851767.7894154586?sp_atk=03b336ff-5083-49ef-bc4f-b400ca8cf06a&xptdk=03b336ff-5083-49ef-bc4f-b400ca8cf06a","null","null","null","null","null"
"1668864565-62","https://shopee.co.id/mall/brands/11042849","TOPTEN","https://shopee.co.id/toptenofficial","","208","87% (hitungan jam)","11,9RB","4.7 (1,9RB penilaian)","4 tahun lalu","null","KOTA SURABAYA","52%offTOPTEN Celana Dalam Pria Boxer Premium Topten SportDiskon 10%Rp99.000Rp48.000685 TerjualKOTA SURABAYA","https://shopee.co.id/TOPTEN-Celana-Dalam-Pria-Boxer-Premium-Topten-Sport-i.96058796.6010357260?sp_atk=fe0710ae-a4a2-4d5c-8cc0-14b10ba293c5&xptdk=fe0710ae-a4a2-4d5c-8cc0-14b10ba293c5","null","null","null","null","null"
"1668864593-63","https://shopee.co.id/mall/brands/11042849","TopOne88","https://shopee.co.id/topone88","","289","97% (hitungan jam)","104,9RB","4.7 (150,8RB penilaian)","6 tahun lalu","null","KOTA JAKARTA BARAT","40%offTopone88 Jaket Royal Hoodie Zipper Anak Laki Perempuan UnisexMurah LebayRp100.000Rp60.00010RB+ TerjualKOTA JAKARTA BARAT","https://shopee.co.id/Topone88-Jaket-Royal-Hoodie-Zipper-Anak-Laki-Perempuan-Unisex-i.19222953.784901261?sp_atk=b0612100-3fd6-4523-9e28-2608d66dfb51&xptdk=b0612100-3fd6-4523-9e28-2608d66dfb51","null","null","null","null","null"
"1668864624-64","https://shopee.co.id/mall/brands/11042849","Tootsie","https://shopee.co.id/tootsie.official","","60","88% (hitungan jam)","3,8RB","4.9 (766 penilaian)","8 bulan lalu","null","KOTA BANDUNG","TOOTSIE - Caen T-Shirt -  AdultRp169.900236 TerjualKOTA BANDUNG","https://shopee.co.id/TOOTSIE-Caen-T-Shirt-Adult-i.737806720.17560654763?sp_atk=c272f66c-294a-4e52-8c41-b6018b4a6ab5&xptdk=c272f66c-294a-4e52-8c41-b6018b4a6ab5","null","null","null","null","null"
"1668864656-65","https://shopee.co.id/mall/brands/11042849","Tootal Underwear","https://shopee.co.id/tootal.official","","24","27% (hitungan jam)","293","4.9 (255 penilaian)","24 bulan lalu","null","KOTA TANGERANG SELATAN","Tootal Celana Dalam Pria Mini Brief 3 Warna / pack - TTOB03M3CRp89.90030 TerjualKOTA TANGERANG SELATAN","https://shopee.co.id/Tootal-Celana-Dalam-Pria-Mini-Brief-3-Warna-pack-TTOB03M3C-i.338429743.5567484831?sp_atk=ca6d9f2b-6387-41de-be25-3c38982a88e3&xptdk=ca6d9f2b-6387-41de-be25-3c38982a88e3","null","null","null","null","null"
"1668864685-66","https://shopee.co.id/mall/brands/11042849","Tootal","https://shopee.co.id/tootal","","83","74% (hitungan jam)","529","4.9 (196 penilaian)","5 tahun lalu","null","KOTA JAKARTA TIMUR","50%offTootal Kemeja Pria Lengan Panjang Stripe 272 BlueDiskon 50%Rp688.000Rp344.00012 TerjualKOTA JAKARTA TIMUR","https://shopee.co.id/Tootal-Kemeja-Pria-Lengan-Panjang-Stripe-272-Blue-i.39412025.7941584422?sp_atk=05c0b301-af79-4807-baab-2de6c58899d7&xptdk=05c0b301-af79-4807-baab-2de6c58899d7","null","null","null","null","null"
"1668864720-67","https://shopee.co.id/mall/brands/11042849","TOMS PROJECT","https://shopee.co.id/tomsproject.id","","null","93% (hitungan jam)","38,7RB","4.8 (11,9RB penilaian)","5 tahun lalu","null","KOTA BANDUNG","63%offToms Project Tshirt Saint Muerte - Kaos PriaDiskon Rp5RBPilih 3, bayar Rp195.000Rp185.000Rp69.0002,8RB TerjualKOTA BANDUNG","https://shopee.co.id/Toms-Project-Tshirt-Saint-Muerte-Kaos-Pria-i.55255133.3297105846?sp_atk=a8966163-e896-4edf-941d-b5d9ecc4ef95&xptdk=a8966163-e896-4edf-941d-b5d9ecc4ef95","null","null","null","null","null"
"1668864746-68","https://shopee.co.id/mall/brands/11042849","Tommy Hilfinger","https://shopee.co.id/tommyhilfigerofficial","","null","100% (hitungan menit)","14%","17,9RB","4.8 (197 penilaian)","null","KAB. BOGOR","30%offTommy Hilfiger - REGULAR FIT TOMMY TIPPED POLO 2 - BLACKDiskon Rp15RBRp1.390.000Rp973.0007 TerjualKAB. BOGOR","https://shopee.co.id/Tommy-Hilfiger-REGULAR-FIT-TOMMY-TIPPED-POLO-2-BLACK-i.338434182.20349514959?sp_atk=8179e354-4fce-4622-8d93-57786cef7948&xptdk=8179e354-4fce-4622-8d93-57786cef7948","null","null","null","null","null"
"1668864774-69","https://shopee.co.id/mall/brands/11042849","Tokocrypto","https://shopee.co.id/tokocrypto_official","","21","50%","20%","43","5.0 (4 penilaian)","null","KOTA JAKARTA SELATAN","Tokocrypto - Astronauts Skate Black - Size MRp180.0002 TerjualKOTA JAKARTA SELATAN","https://shopee.co.id/Tokocrypto-Astronauts-Skate-Black-Size-M-i.637852336.19844837626?sp_atk=ef109902-91ab-4f3c-9f1f-afce29da5a10&xptdk=ef109902-91ab-4f3c-9f1f-afce29da5a10","null","null","null","null","null"
"1668864802-70","https://shopee.co.id/mall/brands/11042849","TNGR","https://shopee.co.id/tngrdeadly","","650","77% (hitungan jam)","28,3RB","4.8 (9,6RB penilaian)","5 tahun lalu","null","KAB. SLEMAN","55%offTNGR Deadly T-Shirt ZHOCX Blue TeesDiskon Rp7,77RBRp165.000Rp75.000211 TerjualKAB. SLEMAN","https://shopee.co.id/TNGR-Deadly-T-Shirt-ZHOCX-Blue-Tees-i.38323773.8642501922?sp_atk=cbc21ef7-8b48-4774-a755-edb1ff628ae9&xptdk=cbc21ef7-8b48-4774-a755-edb1ff628ae9","null","null","null","null","null"
"1668864832-71","https://shopee.co.id/mall/brands/11042849","Tizzly","https://shopee.co.id/tizzly.co","","13","88% (hitungan jam)","3,9RB","4.8 (2RB penilaian)","29 bulan lalu","null","KOTA CIMAHI","35%offTizzly Avernus Varian2Rp187.850 - Rp203.550384 TerjualKOTA CIMAHI","https://shopee.co.id/Tizzly-Avernus-Varian2-i.279384362.3260542535?sp_atk=a61ba359-67f0-4600-abcb-31b826059828&xptdk=a61ba359-67f0-4600-abcb-31b826059828","null","null","null","null","null"
"1668864862-72","https://shopee.co.id/mall/brands/11042849","Tirajeans","https://shopee.co.id/tirajeansofficial","","439","62% (hitungan jam)","31,5RB","4.8 (8,5RB penilaian)","5 tahun lalu","null","KOTA BEKASI","25%offTirajeans T-Shirts L/S TTL205K40004S21 BlackDiskon Rp20RBPilih 2, diskon 30%Rp179.900Rp134.925218 TerjualKOTA BEKASI","https://shopee.co.id/Tirajeans-T-Shirts-L-S-TTL205K40004S21-Black-i.55934463.8148573584?sp_atk=0b615935-6280-46e0-ba43-ffa30c039ec4&xptdk=0b615935-6280-46e0-ba43-ffa30c039ec4","null","null","null","null","null"
"1668864890-73","https://shopee.co.id/mall/brands/11042849","TIMONOSD","https://shopee.co.id/timonosd.co","","313","61% (hitungan jam)","60,5RB","4.7 (18,5RB penilaian)","5 tahun lalu","null","KOTA TANGERANG SELATAN","Timonosd Crewneck Tmnsd “Had “Rp210.000544 TerjualKOTA TANGERANG SELATAN","https://shopee.co.id/Timonosd-Crewneck-Tmnsd-%E2%80%9CHad-%E2%80%9C-i.51123839.3841831780?sp_atk=d66f1ab2-669b-492a-a91d-45f12a0f6801&xptdk=d66f1ab2-669b-492a-a91d-45f12a0f6801","null","null","null","null","null"
"1668864918-74","https://shopee.co.id/mall/brands/11042849","Timberland","https://shopee.co.id/timberlandofficial","","897","100% (hitungan jam)","31,8RB","4.9 (1,6RB penilaian)","32 bulan lalu","null","KOTA TANGERANG SELATAN","Timberland Women 6In Prem Boot Wheat Nubuck-TB010361713Diskon Rp25RBRp3.790.00016 TerjualKOTA TANGERANG SELATAN","https://shopee.co.id/Timberland-Women-6In-Prem-Boot-Wheat-Nubuck-TB010361713-i.240533996.7638556753?sp_atk=41b92bcc-db7d-443a-8cd2-baaf31101b0e&xptdk=41b92bcc-db7d-443a-8cd2-baaf31101b0e","null","null","null","null","null"
"1668864945-75","https://shopee.co.id/mall/brands/11042849","Tightless","https://shopee.co.id/tightless","","25","57%","341","4.7 (35 penilaian)","23 bulan lalu","null","KOTA BANDUNG","62%offTightless Sweater Pullover Hoodie LethargyRp449.000Rp169.0008 TerjualKOTA BANDUNG","https://shopee.co.id/Tightless-Sweater-Pullover-Hoodie-Lethargy-i.362960731.3483261058?sp_atk=f0bc772e-5b1e-4096-88d8-14062ef0c25e&xptdk=f0bc772e-5b1e-4096-88d8-14062ef0c25e","null","null","null","null","null"
"1668864973-76","https://shopee.co.id/mall/brands/11042849","Throox","https://shopee.co.id/throoxoriginal","","377","98% (hitungan jam)","145,9RB","4.8 (48,2RB penilaian)","4 tahun lalu","null","KAB. SUKOHARJO","49%offThroox T-Shirt kaos hitam ||THRX Good Smilow BlackDiskon Rp5RBPilih 3, bayar Rp250.000Rp175.000Rp89.0001,6RB TerjualKAB. SUKOHARJO","https://shopee.co.id/Throox-T-Shirt-kaos-hitam-THRX-Good-Smilow-Black-i.118571446.7526533289?sp_atk=0f657ae5-6a6b-4719-b3e2-874ba6df2d59&xptdk=0f657ae5-6a6b-4719-b3e2-874ba6df2d59","null","null","null","null","null"
"1668865009-77","https://shopee.co.id/mall/brands/11042849","Thistimebrand","https://shopee.co.id/thistimebrand","","1,2RB","94% (hitungan jam)","83,4RB","4.7 (24,1RB penilaian)","4 tahun lalu","null","KOTA BEKASI","This Time Brand Paket Hemat Murah Meriah , Geser Ke KananDiskon Rp5RBKombo HematRp200.000600 TerjualKOTA BEKASI","https://shopee.co.id/This-Time-Brand-Paket-Hemat-Murah-Meriah-Geser-Ke-Kanan-i.86409600.6045631676?sp_atk=75e3f0d3-e360-4c44-ae63-49345151ece2&xptdk=75e3f0d3-e360-4c44-ae63-49345151ece2","null","null","null","null","null"
"1668865049-78","https://shopee.co.id/mall/brands/11042849","This is April","https://shopee.co.id/thisisapril","","857","99% (hitungan jam)","755,1RB","4.9 (108,1RB penilaian)","5 tahun lalu","null","KOTA JAKARTA UTARA","This Is April Jaket Jeans Wanita Fender Jackets Denim – 181503Diskon Rp10RBRp279.0001,1RB TerjualKOTA JAKARTA UTARA","https://shopee.co.id/This-Is-April-Jaket-Jeans-Wanita-Fender-Jackets-Denim-%E2%80%93-181503-i.60731464.6383449442?sp_atk=8ae2d066-887f-449c-8429-f1a9999b1c53&xptdk=8ae2d066-887f-449c-8429-f1a9999b1c53","null","null","null","null","null"
"1668865087-79","https://shopee.co.id/mall/brands/11042849","The Slank Store","https://shopee.co.id/theslankstore","","308","76% (hitungan jam)","19,8RB","4.9 (11,2RB penilaian)","5 tahun lalu","null","KOTA JAKARTA SELATAN","Vaksin Slank Vol.24Rp100.000778 TerjualKOTA JAKARTA SELATAN","https://shopee.co.id/Vaksin-Slank-Vol.24-i.69584395.4676992447?sp_atk=af8c5bfe-5e78-4787-8154-286a88f8f903&xptdk=af8c5bfe-5e78-4787-8154-286a88f8f903","null","null","null","null","null"
"1668865118-80","https://shopee.co.id/mall/brands/11042849","The Monseur Gallery","https://shopee.co.id/themonseurgallery","","693","100% (hitungan menit)","30,2RB","4.7 (4,2RB penilaian)","3 bulan lalu","null","KOTA SURABAYA","50%offThe Monseur Gallery T-shirt Oversize Blue Heart | Kaos HitamDiskon Rp5RBPilih 2, diskon Rp2.000Rp130.000Rp65.000718 TerjualKOTA SURABAYA","https://shopee.co.id/The-Monseur-Gallery-T-shirt-Oversize-Blue-Heart-Kaos-Hitam-i.836627177.20342770371?sp_atk=c7d4ca43-2d22-40b8-9fa6-e927ddf481cf&xptdk=c7d4ca43-2d22-40b8-9fa6-e927ddf481cf","null","null","null","null","null"
"1668865156-81","https://shopee.co.id/mall/brands/11042849","The Goods Dept","https://shopee.co.id/thegoodsdeptofficial","","1RB","76% (hitungan jam)","70,5RB","4.9 (13,6RB penilaian)","34 bulan lalu","null","KAB. TANGERANG","The Goods Dept - Totebag Jakarta CreamDiskon Rp10RBRp169.0001,4RB TerjualKAB. TANGERANG","https://shopee.co.id/The-Goods-Dept-Totebag-Jakarta-Cream-i.217272417.5514381651?sp_atk=ade36999-1f90-4283-b2c7-f554bd9fdf65&xptdk=ade36999-1f90-4283-b2c7-f554bd9fdf65","null","null","null","null","null"
"1668865189-82","https://shopee.co.id/mall/brands/11042849","The Don's House","https://shopee.co.id/thedonshouse","","458","99% (hitungan jam)","86,6RB","4.8 (38,5RB penilaian)","4 tahun lalu","null","KOTA BANDAR LAMPUNG","27%offCelana Jeans / Denim Raw Shellstitch 15 OZ - Camden BL WH Tobacco  Arteesan ThedonshouseRp395.000Rp289.9001,2RB TerjualKOTA BANDAR LAMPUNG","https://shopee.co.id/Celana-Jeans-Denim-Raw-Shellstitch-15-OZ-Camden-BL-WH-Tobacco-Arteesan-Thedonshouse-i.87810418.6532398335?sp_atk=e43723ff-a781-456f-abeb-81731f2da894&xptdk=e43723ff-a781-456f-abeb-81731f2da894","null","null","null","null","null"
"1668865216-83","https://shopee.co.id/mall/brands/11042849","The Dexter.Inv","https://shopee.co.id/thedexterinv","","65","47% (hitungan jam)","934","4.8 (322 penilaian)","16 bulan lalu","null","KOTA BANDUNG","50%offDexter Coach Jacket Tomoe Gozen Black DXTR00055Diskon Rp5RBRp175.000 - Rp350.00023 TerjualKOTA BANDUNG","https://shopee.co.id/Dexter-Coach-Jacket-Tomoe-Gozen-Black-DXTR00055-i.490886868.10859170570?sp_atk=9a470934-2b7b-4690-9812-c2e33c9c24bd&xptdk=9a470934-2b7b-4690-9812-c2e33c9c24bd","null","null","null","null","null"
"1668865246-84","https://shopee.co.id/mall/brands/11042849","Thankinsomnia","https://shopee.co.id/thanksinsomniastore","","2,2RB","78% (hitungan jam)","349,7RB","4.8 (266,4RB penilaian)","4 tahun lalu","null","KOTA TANGERANG SELATAN","70%offRing (Eden) SilverRp100.000Rp30.0005,4RB TerjualKOTA TANGERANG SELATAN","https://shopee.co.id/Ring-(Eden)-Silver-i.105016838.12321562407?sp_atk=b28b7616-fe4d-4881-979d-dbff21c76774&xptdk=b28b7616-fe4d-4881-979d-dbff21c76774","null","null","null","null","null"
"1668865282-85","https://shopee.co.id/mall/brands/11042849","terasrumahmu","https://shopee.co.id/terasrumahmu.official","","208","21% (hitungan jam)","null","8,3RB","4.9 (489 penilaian)","null","KAB. SLEMAN","terasrumahmu - Kaus Baju kerjaRp129.000 - Rp179.00058 TerjualKAB. SLEMAN","https://shopee.co.id/terasrumahmu-Kaus-Baju-kerja-i.336374556.8253656423?sp_atk=497bef45-da56-462b-ac35-61e5bc86293d&xptdk=497bef45-da56-462b-ac35-61e5bc86293d","null","null","null","null","null"
"1668865308-86","https://shopee.co.id/mall/brands/11042849","Tenun Eboon","https://shopee.co.id/tenuneboon","","59","22% (hitungan jam)","342","5.0 (3 penilaian)","6 tahun lalu","null","KOTA BEKASI","Tenun eBoon Kemeja Tenun Ikat Lengan Panjang Magenta HitamRp1.799.0001 TerjualKOTA BEKASI","https://shopee.co.id/Tenun-eBoon-Kemeja-Tenun-Ikat-Lengan-Panjang-Magenta-Hitam-i.7495530.4567681282?sp_atk=2a29fbfb-f71b-4b3f-a01f-3adc14b95ee9&xptdk=2a29fbfb-f71b-4b3f-a01f-3adc14b95ee9","null","null","null","null","null"
"1668865337-87","https://shopee.co.id/mall/brands/11042849","Tenue De Attire","https://shopee.co.id/tenuedeattire","","504","77% (hitungan jam)","39,9RB","4.8 (13,5RB penilaian)","28 bulan lalu","null","KOTA JAKARTA SELATAN","45%offKemeja Tenue de Attire - City Camp Collar Shirt Premium Linen Black Short SleeveDiskon Rp20RBRp339.000Rp184.999136 TerjualKOTA JAKARTA SELATAN","https://shopee.co.id/Kemeja-Tenue-de-Attire-City-Camp-Collar-Shirt-Premium-Linen-Black-Short-Sleeve-i.285709973.16987219656?sp_atk=cee443a7-ad61-4e9f-8bda-7ee7b4b231bf&xptdk=cee443a7-ad61-4e9f-8bda-7ee7b4b231bf","null","null","null","null","null"
"1668865375-88","https://shopee.co.id/mall/brands/11042849","Tendencies","https://shopee.co.id/tendencies.id","","264","100% (hitungan jam)","133,6RB","4.8 (68,2RB penilaian)","5 tahun lalu","null","KOTA JAKARTA SELATAN","65%offTendencies Tndcs Solid BeltCashback 50%Hadiah GratisRp100.000Rp35.00010RB+ TerjualKOTA JAKARTA SELATAN","https://shopee.co.id/Tendencies-Tndcs-Solid-Belt-i.23699131.2994950606?sp_atk=2c430560-bdaa-4d35-acbc-4ffc7fe6eb74&xptdk=2c430560-bdaa-4d35-acbc-4ffc7fe6eb74","null","null","null","null","null"
"1668865463-89","https://shopee.co.id/mall/brands/11042849","Teenage Werewolf","https://shopee.co.id/teenagewerewolf","","null","88% (hitungan jam)","4,7RB","4.8 (483 penilaian)","14 bulan lalu","null","KOTA BANDUNG","42%offTeenage Werewolf Tshirt Kaos Lengan Panjang Find BlackDiskon 50%Pilih 2, diskon Rp10.000Rp209.000Rp121.22022 TerjualKOTA BANDUNG","https://shopee.co.id/Teenage-Werewolf-Tshirt-Kaos-Lengan-Panjang-Find-Black-i.537320260.12933015925?sp_atk=75f8292c-9a9e-4bc0-afae-81f431ad5c72&xptdk=75f8292c-9a9e-4bc0-afae-81f431ad5c72","null","null","null","null","null"
"1668865499-90","https://shopee.co.id/mall/brands/11042849","Tangkelek","https://shopee.co.id/kadai.tangkelek","","666","96% (hitungan jam)","6RB","4.8 (3,6RB penilaian)","31 bulan lalu","null","KAB. AGAM","Tangkelek Baju Kaos Big Size Aden Minang Warna MerahRp115.00033 TerjualKAB. AGAM","https://shopee.co.id/Tangkelek-Baju-Kaos-Big-Size-Aden-Minang-Warna-Merah-i.253533744.7833722211?sp_atk=913b14ed-a812-4ff8-8cf1-94af6dcb4a40&xptdk=913b14ed-a812-4ff8-8cf1-94af6dcb4a40","null","null","null","null","null"
"1668865569-91","https://shopee.co.id/mall/brands/11042849","T-Kaos","https://shopee.co.id/tkaos.id","","54","78% (hitungan jam)","4,2RB","4.8 (2,3RB penilaian)","32 bulan lalu","null","KOTA JAKARTA SELATAN","Kaos Polos Cotton Combed 30s | SMALL SIZEDiskon Rp10RBRp99.000549 TerjualKOTA JAKARTA SELATAN","https://shopee.co.id/Kaos-Polos-Cotton-Combed-30s-SMALL-SIZE-i.236433285.11002982711?sp_atk=78de58e8-f7c4-4821-b768-8e617d8aff60&xptdk=78de58e8-f7c4-4821-b768-8e617d8aff60","null","null","null","null","null"
"1668865599-92","https://shopee.co.id/mall/brands/11042849","Symposia!","https://shopee.co.id/symposia_store","","443","96% (hitungan jam)","69,2RB","4.8 (40,2RB penilaian)","31 bulan lalu","null","KAB. BANDUNG","47%offSymposia! - Tshrit Longsleeve - Symps - BlackPilih 3, bayar Rp249.000Rp160.000Rp85.0001,1RB TerjualKAB. BANDUNG","https://shopee.co.id/Symposia!-Tshrit-Longsleeve-Symps-Black-i.244530371.9911175745?sp_atk=ea6597b6-a764-4856-a69a-ad48779c272b&xptdk=ea6597b6-a764-4856-a69a-ad48779c272b","null","null","null","null","null"
"1668865637-93","https://shopee.co.id/mall/brands/11042849","SYMPLE.CO","https://shopee.co.id/symple.co","","37","88% (hitungan jam)","14,4RB","4.7 (8,2RB penilaian)","3 tahun lalu","null","KAB. BANDUNG","SYMPLE.CO - Cargo Pants Pria / Celana Cargo Panjang Pria Standard Hijau ArmyDiskon Rp5RBRp135.000 - Rp150.0006,5RB TerjualKAB. BANDUNG","https://shopee.co.id/SYMPLE.CO-Cargo-Pants-Pria-Celana-Cargo-Panjang-Pria-Standard-Hijau-Army-i.197248649.7846116802?sp_atk=837f83df-3a0e-4b16-9cd9-9da846b57178&xptdk=837f83df-3a0e-4b16-9cd9-9da846b57178","null","null","null","null","null"
"1668865677-94","https://shopee.co.id/mall/brands/11042849","SWEATERPOLOS.ID","https://shopee.co.id/sweaterpolosid","","399","99% (hitungan menit)","1,7JT","4.8 (904,2RB penilaian)","5 tahun lalu","null","KAB. TANGERANG","40%offSWEPO  Basic Sweater Polos Size M - XXL( Pria & Wanita )Pilih 2, diskon 3%Rp64.500 - Rp74.90010RB+ TerjualKAB. TANGERANG","https://shopee.co.id/SWEPO-Basic-Sweater-Polos-Size-M-XXL(-Pria-Wanita-)-i.56474103.1818590636?sp_atk=fbc84e7b-6319-45e6-9fa6-6d54fbdcedd7&xptdk=fbc84e7b-6319-45e6-9fa6-6d54fbdcedd7","null","null","null","null","null"
"1668865703-95","https://shopee.co.id/mall/brands/11042849","Svrplvs Studio","https://shopee.co.id/srplsstd","","67","93% (hitungan jam)","8,2RB","4.8 (474 penilaian)","25 bulan lalu","null","KOTA BANDUNG","40%offSVRPLVS STUDIO Hoodie Learn To FlightPilih 2, bayar Rp135.000Rp425.000Rp255.00018 TerjualKOTA BANDUNG","https://shopee.co.id/SVRPLVS-STUDIO-Hoodie-Learn-To-Flight-i.320046627.15947278810?sp_atk=a7bd89d4-dff1-4060-91f4-b34d3ca3f28b&xptdk=a7bd89d4-dff1-4060-91f4-b34d3ca3f28b","null","null","null","null","null"
"1668865737-96","https://shopee.co.id/mall/brands/11042849","Sutra Putih","https://shopee.co.id/batiksutraputih","","91","78% (hitungan jam)","1,9RB","4.9 (2RB penilaian)","4 tahun lalu","null","KOTA JAKARTA PUSAT","Sutra Putih - Seragam Batik PNS Wanita KORPRI - Badan Furing HeroRp269.000 - Rp379.0001,4RB TerjualKOTA JAKARTA PUSAT","https://shopee.co.id/Sutra-Putih-Seragam-Batik-PNS-Wanita-KORPRI-Badan-Furing-Hero-i.131971415.6513482779?sp_atk=c4eb0452-352b-48da-a6e7-7a4d581a6165&xptdk=c4eb0452-352b-48da-a6e7-7a4d581a6165","null","null","null","null","null"
"1668865770-97","https://shopee.co.id/mall/brands/11042849","Surfakiller","https://shopee.co.id/surfakillerstore","","192","96% (hitungan jam)","24,5RB","4.7 (9,3RB penilaian)","4 tahun lalu","null","KOTA MALANG","Surfakiller Shortpant Jeans RippedRp110.0001,8RB TerjualKOTA MALANG","https://shopee.co.id/Surfakiller-Shortpant-Jeans-Ripped-i.122716221.11939615115?sp_atk=e31e3522-a7cd-4e29-a4b6-5765a9ef9d86&xptdk=e31e3522-a7cd-4e29-a4b6-5765a9ef9d86","null","null","null","null","null"
"1668865795-98","https://shopee.co.id/mall/brands/11042849","SUPEREGO","https://shopee.co.id/superego.co","","null","99% (hitungan jam)","86RB","4.8 (38,1RB penilaian)","4 tahun lalu","null","KOTA JAKARTA PUSAT","37%offSuperego Celana Cargo Pants Pria Jeans Reguler Loose fit Standard Denim Washed Snow Black SCPDW01DDiskon Rp20RBRp284.500 - Rp450.0003,6RB TerjualKOTA JAKARTA PUSAT","https://shopee.co.id/Superego-Celana-Cargo-Pants-Pria-Jeans-Reguler-Loose-fit-Standard-Denim-Washed-Snow-Black-SCPDW01D-i.135810858.9714763598?sp_atk=7932b4f9-a71a-4b38-8dba-22fba03c8a65&xptdk=7932b4f9-a71a-4b38-8dba-22fba03c8a65","null","null","null","null","null"
"1668865823-99","https://shopee.co.id/mall/brands/11042849","Superdry","https://shopee.co.id/superdry.official","","2,3RB","99% (hitungan jam)","6,9RB","4.7 (255 penilaian)","17 bulan lalu","null","KOTA BEKASI","25%offSuperdry Reversible Canvas Belt Unisex 02Diskon 5%Rp509.000Rp381.7504 TerjualKOTA BEKASI","https://shopee.co.id/Superdry-Reversible-Canvas-Belt-Unisex-02-i.462217384.11310751382?sp_atk=82612d23-5dfa-42c2-b9ad-a54def6ccd99&xptdk=82612d23-5dfa-42c2-b9ad-a54def6ccd99","null","null","null","null","null"
"1668865848-100","https://shopee.co.id/mall/brands/11042849","SUNDAYROSE","https://shopee.co.id/sundayrose.co","","275","82% (hitungan jam)","17,6RB","4.8 (3,3RB penilaian)","4 tahun lalu","null","KAB. KUDUS","30%offSUNDAYROSE T-shirt AGROSES BlackRp150.000Rp105.000321 TerjualKAB. KUDUS","https://shopee.co.id/SUNDAYROSE-T-shirt-AGROSES-Black-i.84654093.3035256007?sp_atk=7927cc8f-b9cf-4a21-8439-22a636b03365&xptdk=7927cc8f-b9cf-4a21-8439-22a636b03365","null","null","null","null","null"
"1668865875-101","https://shopee.co.id/mall/brands/11042849","Sunday Sunday Co","https://shopee.co.id/sundaysundayco","","76","72% (hitungan jam)","35,6RB","4.8 (5,4RB penilaian)","33 bulan lalu","null","KOTA JAKARTA BARAT","SundaySundayCo - Hoodie - Forever Niji Ph Logo BlackRp425.000208 TerjualKOTA JAKARTA BARAT","https://shopee.co.id/SundaySundayCo-Hoodie-Forever-Niji-Ph-Logo-Black-i.225475825.5141508104?sp_atk=91202c67-e6be-49e0-aedc-5ac9070231e3&xptdk=91202c67-e6be-49e0-aedc-5ac9070231e3","null","null","null","null","null"
"1668865911-102","https://shopee.co.id/mall/brands/11042849","Suji Lab","https://shopee.co.id/suji.lab","","62","64% (hitungan jam)","8,7RB","4.9 (4,1RB penilaian)","21 bulan lalu","null","KAB. BANDUNG BARAT","41%offSUJI LAB Kaos Polos T-Shirt Basic Regular Hitam BlackPilih 3, bayar Rp180.000Rp110.000Rp65.000881 TerjualKAB. BANDUNG BARAT","https://shopee.co.id/SUJI-LAB-Kaos-Polos-T-Shirt-Basic-Regular-Hitam-Black-i.391471783.6379992958?sp_atk=ef9311e9-639f-4b36-bfed-71015c6f50b0&xptdk=ef9311e9-639f-4b36-bfed-71015c6f50b0","null","null","null","null","null"
"1668865968-103","https://shopee.co.id/mall/brands/11042849","SUICIDE ANTHEM","https://shopee.co.id/suicide_anthem","","131","98% (hitungan jam)","16,1RB","4.8 (3,6RB penilaian)","5 tahun lalu","null","KOTA BEKASI","39%offSUICIDE ANTHEM Longsleeve Engry Oranges (FSR-1488)Diskon Rp7,5RBPilih 2, bayar Rp150.000Rp94.500 - Rp155.00062 TerjualKOTA BEKASI","https://shopee.co.id/SUICIDE-ANTHEM-Longsleeve-Engry-Oranges-(FSR-1488)-i.70043979.2392606719?sp_atk=5c7791f1-ad39-4ae9-b891-48465c3aeb2b&xptdk=5c7791f1-ad39-4ae9-b891-48465c3aeb2b","null","null","null","null","null"
"1668866011-104","https://shopee.co.id/mall/brands/11042849","Sucksme","https://shopee.co.id/sucksmecompany","","239","65% (hitungan jam)","4RB","4.6 (596 penilaian)","28 bulan lalu","null","KOTA JAMBI","Sucksme Crewneck Original - Broken WhiteDiskon Rp10RBRp165.000263 TerjualKOTA JAMBI","https://shopee.co.id/Sucksme-Crewneck-Original-Broken-White-i.287573108.4867463499?sp_atk=c117fa9a-ce4c-45ad-a1ff-e454d90a1129&xptdk=c117fa9a-ce4c-45ad-a1ff-e454d90a1129","null","null","null","null","null"
"1668866067-105","https://shopee.co.id/mall/brands/11042849","Stwoz","https://shopee.co.id/stwoz","","46","100% (hitungan menit)","12,8RB","4.7 (10,8RB penilaian)","4 tahun lalu","null","KOTA BANDUNG","20%offStwoz Sweater Hoodie Zipper Polos Original free Gantungan kunciKombo HematRp96.000 - Rp130.0006,1RB TerjualKOTA BANDUNG","https://shopee.co.id/Stwoz-Sweater-Hoodie-Zipper-Polos-Original-free-Gantungan-kunci-i.91269285.1997841355?sp_atk=80f5da88-c664-4077-95e0-7191b7a79f82&xptdk=80f5da88-c664-4077-95e0-7191b7a79f82","null","null","null","null","null"
"1668866095-106","https://shopee.co.id/mall/brands/11042849","Straightface Menswear","https://shopee.co.id/straightface","","53","94% (hitungan jam)","17,9RB","4.8 (5,6RB penilaian)","5 tahun lalu","null","KOTA TEGAL","3%offStraightface Menswear Chino Pants Black SlimfitRp193.000Rp187.2101,4RB TerjualKOTA TEGAL","https://shopee.co.id/Straightface-Menswear-Chino-Pants-Black-Slimfit-i.47734515.992869280?sp_atk=97b208f9-a19c-4a2c-8c45-237cd73c3e4a&xptdk=97b208f9-a19c-4a2c-8c45-237cd73c3e4a","null","null","null","null","null"
"1668866158-107","https://shopee.co.id/mall/brands/11042849","Steigen.co","https://shopee.co.id/steigen.id","","355","95% (hitungan jam)","112,5RB","4.8 (45,5RB penilaian)","4 tahun lalu","null","KOTA BANDUNG","25%offSteigen Bomber Oslo sueding caramelDiskon Rp11RBMurah LebayRp240.000Rp180.0002,4RB TerjualKOTA BANDUNG","https://shopee.co.id/Steigen-Bomber-Oslo-sueding-caramel-i.72269411.3639889631?sp_atk=e31f32e8-8639-490d-904c-d8a7d77d5518&xptdk=e31f32e8-8639-490d-904c-d8a7d77d5518","null","null","null","null","null"
"1668866216-108","https://shopee.co.id/mall/brands/11042849","Steady & Slow","https://shopee.co.id/steadyandslow","","100","100% (hitungan jam)","12,9RB","4.8 (5,1RB penilaian)","5 tahun lalu","null","KOTA BANDUNG","62%offSteady&Slow - Kurt Black Stripe - Cotton Combed 30SPilih 2, bayar Rp170.000Rp84.095 - Rp98.0004,5RB TerjualKOTA BANDUNG","https://shopee.co.id/Steady-Slow-Kurt-Black-Stripe-Cotton-Combed-30S-i.35244284.4843555879?sp_atk=6d22a83d-b626-42c4-b6b8-dcf1dcab1e48&xptdk=6d22a83d-b626-42c4-b6b8-dcf1dcab1e48","null","null","null","null","null"
"1668866251-109","https://shopee.co.id/mall/brands/11042849","Stargazers","https://shopee.co.id/stargazers.studio","","220","96% (hitungan jam)","55,9RB","4.8 (13,3RB penilaian)","4 tahun lalu","null","KOTA BANDUNG","51%offStargazers 30s Tshirt Hand of Philosopher BlackDiskon Rp5RBPilih 2, bayar Rp169.000Rp180.000Rp89.000730 TerjualKOTA BANDUNG","https://shopee.co.id/Stargazers-30s-Tshirt-Hand-of-Philosopher-Black-i.84754894.8770231889?sp_atk=4a42dac0-771e-4d77-9559-4b0e247da373&xptdk=4a42dac0-771e-4d77-9559-4b0e247da373","null","null","null","null","null"
"1668866284-110","https://shopee.co.id/mall/brands/11042849","Starcross","https://shopee.co.id/starcross_clothing","","2,2RB","95% (hitungan jam)","215,9RB","4.8 (96,9RB penilaian)","5 tahun lalu","null","KAB. SLEMAN","40%offSTARCROSS Kaos Pria - RAINBOW FONT 2 - BlackDiskon 20%Murah LebayRp178.000Rp106.8001,3RB TerjualKAB. SLEMAN","https://shopee.co.id/STARCROSS-Kaos-Pria-RAINBOW-FONT-2-Black-i.27198500.8522272542?sp_atk=3dd6ee91-ba82-4d8b-aee4-c8cd72c77014&xptdk=3dd6ee91-ba82-4d8b-aee4-c8cd72c77014","null","null","null","null","null"
"1668866319-111","https://shopee.co.id/mall/brands/11042849","Ssmy.Indonesia","https://shopee.co.id/ssmy.indonesia","","60","99% (hitungan jam)","4,5RB","4.7 (888 penilaian)","5 bulan lalu","null","KAB. BEKASI","62%offSSMY T-SHIRT ZOOM OVERSIZE STYLE KOREA 2022 NEW PRIA DAN WANITA LENGAN PENDEK FOREIGNERDiskon Rp10RBRp169.000Rp65.000287 TerjualKAB. BEKASI","https://shopee.co.id/SSMY-T-SHIRT-ZOOM-OVERSIZE-STYLE-KOREA-2022-NEW-PRIA-DAN-WANITA-LENGAN-PENDEK-FOREIGNER-i.790007878.13095140872?sp_atk=a0c5b707-aa8e-44cd-ae93-c7bef7200655&xptdk=a0c5b707-aa8e-44cd-ae93-c7bef7200655","null","null","null","null","null"
"1668866360-112","https://shopee.co.id/mall/brands/11042849","Srseven7","https://shopee.co.id/srseven7_official","","12","75% (hitungan jam)","54","4.7 (18 penilaian)","11 bulan lalu","null","KAB. KUDUS","43%offSRSEVEN7 Celana Chino Panjang Pria Big SizeDiskon Rp5RBPilih 2, bayar Rp195.000Rp200.000Rp114.00024 TerjualKAB. KUDUS","https://shopee.co.id/SRSEVEN7-Celana-Chino-Panjang-Pria-Big-Size-i.628042310.14393895856?sp_atk=96012ff6-0ece-4d9e-b767-4b6baf4e8de4&xptdk=96012ff6-0ece-4d9e-b767-4b6baf4e8de4","null","null","null","null","null"
"1668866389-113","https://shopee.co.id/mall/brands/11042849","Sports Station","https://shopee.co.id/sportsstationofficialshop","","7,3RB","87% (hitungan jam)","1,2JT","4.9 (331,1RB penilaian)","32 bulan lalu","null","KOTA BEKASI","Converse CTAS Shoreline Slip Women's Shoes - WhiteRp759.0001,5RB TerjualKOTA BEKASI","https://shopee.co.id/Converse-CTAS-Shoreline-Slip-Women's-Shoes-White-i.234490784.7226112772?sp_atk=5f321b7f-fe15-4692-bab1-17e7bec9e719&xptdk=5f321b7f-fe15-4692-bab1-17e7bec9e719","null","null","null","null","null"
"1668866422-114","https://shopee.co.id/mall/brands/11042849","Spasmodic","https://shopee.co.id/spasmodicstore","","195","80% (hitungan jam)","35,1RB","4.6 (15,3RB penilaian)","3 tahun lalu","null","KOTA BANDUNG","62%offSpasmodic Crewneck Black KeepMurah LebayRp95.000 - Rp98.8003,2RB TerjualKOTA BANDUNG","https://shopee.co.id/Spasmodic-Crewneck-Black-Keep-i.181335942.2881412316?sp_atk=cea14a90-209d-4511-ab98-e9c6c94d7592&xptdk=cea14a90-209d-4511-ab98-e9c6c94d7592","null","null","null","null","null"
"1668866454-115","https://shopee.co.id/mall/brands/11042849","Soybeen Brands","https://shopee.co.id/soybeenbrands","","56","45% (hitungan menit)","711","5.0 (27 penilaian)","3 tahun lalu","null","KAB. TANGERANG","50%offSOYBEEN BRANDS Hoddie butterflyPilih 2, diskon 30%Rp200.000Rp100.0002 TerjualKAB. TANGERANG","https://shopee.co.id/SOYBEEN-BRANDS-Hoddie-butterfly-i.153039429.11401345795?sp_atk=a3ef1262-b147-44f0-84c3-85121e4f4a61&xptdk=a3ef1262-b147-44f0-84c3-85121e4f4a61","null","null","null","null","null"
